Workbook

Sheet Summary
B3: Phase-Exit Review
B4: Organisation / Department: | C4: UPF Gestió de projectes
B5: Project Name: | C5: Aigua Clara
B7: Project Owner: | C7: Aigües de Barcelona
B9: Project Core Team Number: | C9: T202.A
B11: Project Core Team members: | C11: Maria Beili Mena Dorado, Alex Fernández de Alarcon, Sergi Rodríguez, Pol Serrat, Ferran Sordé i Martí Vilaró
B13: Reviewer Name: | C13: Rebeca Calderón or Elisabet Duocastella
B15: Overall Compliance (%) | C15: =AVERAGE(D19,D20,D21) -> 0.48487598
B16: Overall Phase-Exit Status: | C16: =C15 -> 0.48487598
B18: Area | C18: Phase-Exit Status | D18: % of Phase Compliance | E18: Date | F18: Already performed?
B19: Project Initiation | C19: ='Project Initiation'!F3 -> 0.86842105 | D19: ='Project Initiation'!E3 -> 0.86842105 | E19: ='Project Initiation'!F2 -> 45927 | F19: =IF(D19=0,"No","Yes") -> Yes
B20: Iteration | C20: =Iteration!F3 -> 0.5862069 | D20: =Iteration!E3 -> 0.5862069 | E20: =Iteration!F2 -> dd/mm/yyyy | F20: =IF(D20=0,"No","Yes") -> Yes
B21: Project Closure | C21: ='Project Closure'!F3 -> 0 | D21: ='Project Closure'!E3 -> 0 | E21: ='Project Closure'!F2 -> dd/mm/yyyy | F21: =IF(D21=0,"No","Yes") -> No
B23: Assessment Key:
B24: 0.3 | C24: Major key activities for the phase(s) weren't performed (50% of the key activities or more are still to be completed).
B25: 0.7 | C25: Some key activities are still to be completed before the phase(s) can be closed (% of compliance between 51% and 80%).
B26: 0.9 | C26: Nearly all the key activities for the phase(s) are complete (more than 80% of the key activities). The decision to move to another phase should be taken considering the relevance / adequacy of the remaining activities to the project and its specificities.
B60: Yes
B61: No

Sheet Project Initiation
C2: Project Initiation Phase-Exit Checks | E2: Date: | F2: 45927
B3: % of Phase Compliance | E3: =E24/(190-D24*10) -> 0.86842105 | F3: =E3 -> 0.86842105
B4: # | C4: Description | D4: Answer | E4: Score | F4: Comments
B5: 1 | C5: Has a Project Initiation Request been documented and approved? | D5: Yes, Partially | E5: =IF(D5="Yes",10,IF(D5="Yes, Partially",5,IF(D5="No",0,"-"))) -> 5 | F5: Està documentat, però no aprovat per SP i PSC
B6: =B5+1 -> 2 | C6: Are the project context, scope, deliverables and expected outcomes documented? | D6: Yes, Partially | E6: =IF(D6="Yes",10,IF(D6="Yes, Partially",5,IF(D6="No",0,"-"))) -> 5 | F6: No s'han definit els outcomes
B7: =B6+1 -> 3 | C7: Has a Project Owner (PO) been identified? | D7: Yes | E7: =IF(D7="Yes",10,IF(D7="Yes, Partially",5,IF(D7="No",0,"-"))) -> 10 | F7: Aigues de Barcelona es/serà el propietari
B8: =B7+1 -> 4 | C8: Has the project theme been agreed with the challenge mentor? | D8: No | E8: =IF(D8="Yes",10,IF(D8="Yes, Partially",5,IF(D8="No",0,"-"))) -> 0 | F8: No hem tingut reunió amb el/la mentor/a
B9: =B8+1 -> 5 | C9: Are success criteria documented? | D9: Yes | E9: =IF(D9="Yes",10,IF(D9="Yes, Partially",5,IF(D9="No",0,"-"))) -> 10 | F9: Fet | L9: Yes
B10: =B9+1 -> 6 | C10: Are the success criteria SMART? | D10: Yes | E10: =IF(D10="Yes",10,IF(D10="Yes, Partially",5,IF(D10="No",0,"-"))) -> 10 | F10: Afegit | L10: Yes, Partially
B11: =B10+1 -> 7 | C11: Have all the key project stakeholders been identified? | D11: Yes | E11: =IF(D11="Yes",10,IF(D11="Yes, Partially",5,IF(D11="No",0,"-"))) -> 10 | L11: No
B12: =B11+1 -> 8 | C12: Are all the initial roles and responsibilities defined? | D12: Yes | E12: =IF(D12="Yes",10,IF(D12="Yes, Partially",5,IF(D12="No",0,"-"))) -> 10 | L12: N/A
B13: =B12+1 -> 9 | C13: Are major assumptions and constraints identified? | D13: Yes | E13: =IF(D13="Yes",10,IF(D13="Yes, Partially",5,IF(D13="No",0,"-"))) -> 10 | F13: (Detallat al project charter)
B14: =B13+1 -> 10 | C14: Have the major risks been identified? | D14: Yes | E14: =IF(D14="Yes",10,IF(D14="Yes, Partially",5,IF(D14="No",0,"-"))) -> 10 | F14: (Detallat al project charter)
B15: =B14+1 -> 11 | C15: Is there a Representative (REP) assigned to the project? | D15: Yes | E15: =IF(D15="Yes",10,IF(D15="Yes, Partially",5,IF(D15="No",0,"-"))) -> 10 | F15: Representant: Maria Beili
B16: =B15+1 -> 12 | C16: Has the PCT decided whether to include a Project Manager (PM) rol? | D16: Yes | E16: =IF(D16="Yes",10,IF(D16="Yes, Partially",5,IF(D16="No",0,"-"))) -> 10 | F16: Project Manager: Martí Villaró
B17: =B16+1 -> 13 | C17: Has a Project Charter been documented by the Project Core Team (PCT)? | D17: Yes | E17: =IF(D17="Yes",10,IF(D17="Yes, Partially",5,IF(D17="No",0,"-"))) -> 10 | F17: Fet
B18: =B17+1 -> 14 | C18: Is the project scope broken-down in manageable components that allow rough estimation of resources, work effort and duration? | D18: Yes | E18: =IF(D18="Yes",10,IF(D18="Yes, Partially",5,IF(D18="No",0,"-"))) -> 10
B19: 15 | C19: Is the project work breakdown structure completed ? | D19: Yes | E19: =IF(D19="Yes",10,IF(D19="Yes, Partially",5,IF(D19="No",0,"-"))) -> 10
B20: 16 | C20: Is the Project Initiation kick-off meeting planned? | D20: Yes | E20: =IF(D20="Yes",10,IF(D20="Yes, Partially",5,IF(D20="No",0,"-"))) -> 10
B21: =B20+1 -> 17 | C21: Have all artifacts been placed in the project repository Google Drive? | D21: Yes | E21: =IF(D21="Yes",10,IF(D21="Yes, Partially",5,IF(D21="No",0,"-"))) -> 10
B22: =B21+1 -> 18 | C22: Have all artifcats followed the configuration plan? | D22: Yes | E22: =IF(D22="Yes",10,IF(D22="Yes, Partially",5,IF(D22="No",0,"-"))) -> 10
B23: =B22+1 -> 19 | C23: Is the project ready to proceed to the Iteration Phase? | D23: Yes, Partially | E23: =IF(D23="Yes",10,IF(D23="Yes, Partially",5,IF(D23="No",0,"-"))) -> 5 | F23: Necessita ser aprovat per SP i PSC
C24: Total score for compliance | D24: =COUNTIF(D5:D23,"N/A") -> 0 | E24: =SUM(E5:E23) -> 165

Sheet Iteration
C2: Iteration Phase-Exit Checks | E2: Date: | F2: dd/mm/yyyy
B3: % of Phase Compliance | E3: =E36/(290-D36*10) -> 0.5862069 | F3: =E3 -> 0.5862069
B4: # | C4: Description | D4: Answer | E4: Score | F4: Comments
C5: QUESTIONS TO BE ANSWERED AT THE END OF FIRST ITERATION
B6: 1 | C6: Is the Stakeholder Matrix complete with all the relevant stakeholders' names and contact details? | D6: Yes | E6: =IF(D6="Yes",10,IF(D6="Yes, Partially",5,IF(D6="No",0,"-"))) -> 10
B7: =B6+1 -> 2 | C7: Are all project roles and responsibilities detailed? | D7: Yes | E7: =IF(D7="Yes",10,IF(D7="Yes, Partially",5,IF(D7="No",0,"-"))) -> 10
B8: =B7+1 -> 3 | C8: Is the project work breakdown structure completed ? | D8: Yes | E8: =IF(D8="Yes",10,IF(D8="Yes, Partially",5,IF(D8="No",0,"-"))) -> 10 | L8: Yes
B9: =B8+1 -> 4 | C9: Has the product scope been agreed with the challenge expert or mentor? | D9: N/A | E9: =IF(D9="Yes",10,IF(D9="Yes, Partially",5,IF(D9="No",0,"-"))) -> - | F9: No, no tenim assignat un mentor | L9: Yes, Partially
B10: =B9+1 -> 5 | C10: Was the Project Work Plan baselined and approved by the Project Steering Committee (PSC)? | D10: N/A | E10: =IF(D10="Yes",10,IF(D10="Yes, Partially",5,IF(D10="No",0,"-"))) -> - | F10: Encara no
B11: =B10+1 -> 6 | C11: Is the Project Work Plan baselined and approved by the Project Steering Committee (PSC)? | D11: N/A | E11: =IF(D11="Yes",10,IF(D11="Yes, Partially",5,IF(D11="No",0,"-"))) -> - | F11: Encara no | L11: N/A
B12: =B11+1 -> 7 | C12: Are all the communication items (e.g. meetings and reports) defined as well as their frequency? | D12: N/A | E12: =IF(D12="Yes",10,IF(D12="Yes, Partially",5,IF(D12="No",0,"-"))) -> -
B13: =B12+1 -> 8 | C13: Is a Risk Management Plan documented as a separate document? | D13: Yes | E13: =IF(D13="Yes",10,IF(D13="Yes, Partially",5,IF(D13="No",0,"-"))) -> 10
B14: =B13+1 -> 9 | C14: Has a configuration management procedure been documented? | D14: Yes | E14: =IF(D14="Yes",10,IF(D14="Yes, Partially",5,IF(D14="No",0,"-"))) -> 10
B15: =B14+1 -> 10 | C15: Is there a Project Handbook documented? | D15: Yes | E15: =IF(D15="Yes",10,IF(D15="Yes, Partially",5,IF(D15="No",0,"-"))) -> 10 | F15: Donat pels professors
B16: =B15+1 -> 11 | C16: Are all the major deviations from the Project Charter approved by the Project Steering Committee (PSC)? | D16: N/A | E16: =IF(D16="Yes",10,IF(D16="Yes, Partially",5,IF(D16="No",0,"-"))) -> - | F16: Encara no
C17: QUESTIONS TO BE ANSWERED AT THE END OF FIRST ITERATION
B18: 12 | C18: Have deliverables been performed as defined and scheduled in the work breakdown structure? | D18: Yes | E18: =IF(D18="Yes",10,IF(D18="Yes, Partially",5,IF(D18="No",0,"-"))) -> 10 | F18: Totes les entregues s'han realitzat com tocava i en el termini indicat. | K18: Yes
B19: =B18+1 -> 13 | C19: Were artefacts produced, updated and revised as planned? | D19: Yes | E19: =IF(D19="Yes",10,IF(D19="Yes, Partially",5,IF(D19="No",0,"-"))) -> 10 | F19: Correcte. | K19: Yes, Partially
B20: =B19+1 -> 14 | C20: Was the work breakdown structure refined at each iteration? | D20: No | E20: =IF(D20="Yes",10,IF(D20="Yes, Partially",5,IF(D20="No",0,"-"))) -> 0 | F20: No l'hem modificat.
B21: =B20+1 -> 15 | C21: Was the iteration work defined at the beggining of each iteration? | D21: Yes | E21: =IF(D21="Yes",10,IF(D21="Yes, Partially",5,IF(D21="No",0,"-"))) -> 10 | F21: <Add a justification here.>
B22: =B21+1 -> 16 | C22: Were the quality control activities performed as planned? | D22: No | E22: =IF(D22="Yes",10,IF(D22="Yes, Partially",5,IF(D22="No",0,"-"))) -> 0 | F22: No s'ha fet plantejat un quality control | K22: No
B23: =B22+1 -> 17 | C23: Are all major risks mitigated? | D23: No | E23: =IF(D23="Yes",10,IF(D23="Yes, Partially",5,IF(D23="No",0,"-"))) -> 0 | F23: No hem pogut implementar cap validació de les dades, ja que encara no les hem rebut. | K23: N/A
B24: =B23+1 -> 18 | C24: Have the products deliverables been agreed with the challenge expert or mentor? | D24: No | E24: =IF(D24="Yes",10,IF(D24="Yes, Partially",5,IF(D24="No",0,"-"))) -> 0 | F24: Encara no tenim mentor.
B25: =B24+1 -> 19 | C25: Have all the approved changes been implemented? | D25: No | E25: =IF(D25="Yes",10,IF(D25="Yes, Partially",5,IF(D25="No",0,"-"))) -> 0 | F25: Encara no hem tingut feedback dels PSC ni mentors
B26: =B25+1 -> 20 | C26: Are deliverables in line with requestor needs and expectations? | D26: Yes | E26: =IF(D26="Yes",10,IF(D26="Yes, Partially",5,IF(D26="No",0,"-"))) -> 10 | F26: Sí, progressa adequadament.
B27: =B26+1 -> 21 | C27: Are all the project issues and corrective actions resolved / closed? | D27: Yes | E27: =IF(D27="Yes",10,IF(D27="Yes, Partially",5,IF(D27="No",0,"-"))) -> 10 | F27: Tot en ordre.
B28: =B27+1 -> 22 | C28: Are all product deliverables ready to be approved by the Project Owner (PO)? | D28: Yes | E28: =IF(D28="Yes",10,IF(D28="Yes, Partially",5,IF(D28="No",0,"-"))) -> 10 | F28: Feina feta.
B29: =B28+1 -> 23 | C29: Are all project artifacts ready to be approved by the Solution Provider (SP)? | D29: Yes | E29: =IF(D29="Yes",10,IF(D29="Yes, Partially",5,IF(D29="No",0,"-"))) -> 10 | F29: Les entregues s'han dut a terme.
B30: =B29+1 -> 24 | C30: Were the relevant stakeholders informed about the delivery of projects outputs? | D30: Yes, Partially | E30: =IF(D30="Yes",10,IF(D30="Yes, Partially",5,IF(D30="No",0,"-"))) -> 5 | F30: Tots aquells stakeholders coneguts han estat informats. Com hem mencionat anteriorment, encara no tenim mentor.
B31: =B30+1 -> 25 | C31: Were project performance indicators and metrics captured and assessed? | D31: No | E31: =IF(D31="Yes",10,IF(D31="Yes, Partially",5,IF(D31="No",0,"-"))) -> 0 | F31: No tenim dades
B32: =B31+1 -> 26 | C32: Have all the communication items (meetings, reports,…) been implemented as planned? | D32: Yes | E32: =IF(D32="Yes",10,IF(D32="Yes, Partially",5,IF(D32="No",0,"-"))) -> 10
B33: =B32+1 -> 27 | C33: Have all deliverables/artifacts been placed in the project repository Google Drive? | D33: Yes | E33: =IF(D33="Yes",10,IF(D33="Yes, Partially",5,IF(D33="No",0,"-"))) -> 10
B34: =B33+1 -> 28 | C34: Have all deliverables/artifacts followed the configuration plan? | D34: Yes | E34: =IF(D34="Yes",10,IF(D34="Yes, Partially",5,IF(D34="No",0,"-"))) -> 10 | F34: Segueixen el format requerit.
B35: =B34+1 -> 29 | C35: Is the project ready to proceed to the Closing Phase? | D35: Yes, Partially | E35: =IF(D35="Yes",10,IF(D35="Yes, Partially",5,IF(D35="No",0,"-"))) -> 5 | F35: A l'espera feedback i millores per part de PSC
C36: Total score for compliance | D36: =COUNTIF(D18:D35,"N/A") -> 0 | E36: =SUM(E6:E35) -> 170

Sheet Project Closure
C2: Project Closure Phase-Exit Checks | E2: Date: | F2: dd/mm/yyyy
B3: % of Phase Compliance | E3: =E20/(150-D20*10) -> 0 | F3: =E3 -> 0
B4: # | C4: Description | D4: Answer | E4: Score | F4: Comments
B5: 1 | C5: Did a Project-End Review Meeting take place? | D5: No | E5: =IF(D5="Yes",10,IF(D5="Yes, Partially",5,IF(D5="No",0,"-"))) -> 0 | F5: <Add here the justification for the answer given.>
B6: =+B5+1 -> 2 | C6: Has the product backlog been completed? | D6: No | E6: =IF(D6="Yes",10,IF(D6="Yes, Partially",5,IF(D6="No",0,"-"))) -> 0
B7: =+B6+1 -> 3 | C7: Did the Appropriate Governance Board (AGB) formally approve deliverables (Challenge Final Report)? | D7: No | E7: =IF(D7="Yes",10,IF(D7="Yes, Partially",5,IF(D7="No",0,"-"))) -> 0
B8: =B7+1 -> 4 | C8: Were final project performance indicators and metrics assessed and compared to project baselines? | D8: No | E8: =IF(D8="Yes",10,IF(D8="Yes, Partially",5,IF(D8="No",0,"-"))) -> 0 | K8: Yes
B9: =B8+1 -> 5 | C9: Are project benefits and unachieved goals assessed and remaining benefits forecasted? | D9: No | E9: =IF(D9="Yes",10,IF(D9="Yes, Partially",5,IF(D9="No",0,"-"))) -> 0 | K9: Yes, Partially
B10: =B9+1 -> 6 | C10: Was client / requestor satisfaction assessed? | D10: No | E10: =IF(D10="Yes",10,IF(D10="Yes, Partially",5,IF(D10="No",0,"-"))) -> 0 | K10: No
B11: =B10+1 -> 7 | C11: In case some risks or issues couldn't be closed, are they re-assessed and follow-up actions recommended? | D11: No | E11: =IF(D11="Yes",10,IF(D11="Yes, Partially",5,IF(D11="No",0,"-"))) -> 0 | K11: N/A
B12: =B11+1 -> 8 | C12: Did all the relevant stakeholders give feedback on the overall project experience? | D12: No | E12: =IF(D12="Yes",10,IF(D12="Yes, Partially",5,IF(D12="No",0,"-"))) -> 0
B13: =B12+1 -> 9 | C13: Were lessons learned and post-project recommendations captured? | D13: No | E13: =IF(D13="Yes",10,IF(D13="Yes, Partially",5,IF(D13="No",0,"-"))) -> 0
B14: =B13+1 -> 10 | C14: Is the Project-End Report documented and delivered to the relevant stakeholders? | D14: No | E14: =IF(D14="Yes",10,IF(D14="Yes, Partially",5,IF(D14="No",0,"-"))) -> 0
B15: =B14+1 -> 11 | C15: Have all deliverables been placed in the project repository Google Drive? | D15: No | E15: =IF(D15="Yes",10,IF(D15="Yes, Partially",5,IF(D15="No",0,"-"))) -> 0
B16: =B15+1 -> 12 | C16: Have all deliverables followed the configuration plan? | D16: No | E16: =IF(D16="Yes",10,IF(D16="Yes, Partially",5,IF(D16="No",0,"-"))) -> 0
B17: =B16+1 -> 13 | C17: Was the project formally accepted by the Project Steering Commitee (PSC), project-end report? | D17: No | E17: =IF(D17="Yes",10,IF(D17="Yes, Partially",5,IF(D17="No",0,"-"))) -> 0
B18: =B17+1 -> 14 | C18: Have project team members performance been assessed? | D18: No | E18: =IF(D18="Yes",10,IF(D18="Yes, Partially",5,IF(D18="No",0,"-"))) -> 0
B19: =B18+1 -> 15 | C19: Is the project ready to be closed? | D19: No | E19: =IF(D19="Yes",10,IF(D19="Yes, Partially",5,IF(D19="No",0,"-"))) -> 0
C20: Total score for compliance | D20: =COUNTIF(D5:D19,"N/A") -> 0 | E20: =SUM(E5:E19) -> 0
